RECORDING_SESSION_LABEL,Participant,Time,Dutch_proficiency,English_proficiency,IA_LABEL,IA_DURATION,IA_DWELL_TIME,IA_DWELL_TIME_.,TRIAL_DWELL_TIME,IA_FIRST_FIXATION_DURATION,IA_FIXATION_.,IA_FIXATION_COUNT,IA_SKIP,TRIAL_FIXATION_COUNT,TRIAL_TOTAL_VISITED_IA_COUNT,TRIAL_IA_COUNT,Frequency_TGP,Frequency_Corpora,Score,Categorical_score
sub_101,3,1,51,78,in deze buurt,1790,296,3e-4,1133414,296,3e-4,1,1,3481,469,2720,10,5645,2,1
sub_101,3,1,51,78,dit is vreselijk,2790,0,0,1133414,.,0,0,1,3481,469,2720,3,156,1,1
sub_101,3,1,51,78,de goeie plek,1530,292,3e-4,1133414,152,6e-4,2,1,3481,469,2720,21,270,1,1
sub_101,3,1,51,78,de goeie plek,1330,226,2e-4,1133414,226,3e-4,1,1,3481,469,2720,21,270,1,1
sub_101,3,1,51,78,de goeie plek,2460,0,0,1133414,.,0,0,1,3481,469,2720,21,270,1,1
sub_101,3,1,51,78,de goeie plek,1550,170,1e-4,1133414,170,3e-4,1,1,3481,469,2720,21,270,1,1
sub_101,3,1,51,78,de goeie plek,3560,0,0,1133414,.,0,0,1,3481,469,2720,21,270,1,1
sub_101,3,1,51,78,de goeie plek,2150,0,0,1133414,.,0,0,1,3481,469,2720,21,270,1,1
sub_101,3,1,51,78,de goeie plek,3290,0,0,1133414,.,0,0,1,3481,469,2720,21,270,1,1
sub_101,3,1,51,78,de goeie plek,2190,222,2e-4,1133414,222,3e-4,1,1,3481,469,2720,21,270,1,1
sub_101,3,1,51,78,de slechte plek,2800,0,0,1133414,.,0,0,1,3481,469,2720,15,139,1,1
sub_101,3,1,51,78,de slechte plek,1550,284,3e-4,1133414,284,3e-4,1,1,3481,469,2720,15,139,1,1
sub_101,3,1,51,78,de slechte plek,2660,1028,9e-4,1133414,302,9e-4,3,1,3481,469,2720,15,139,1,1
sub_101,3,1,51,78,de slechte plek,1650,612,5e-4,1133414,222,9e-4,3,0,3481,469,2720,15,139,1,1
sub_101,3,1,51,78,geen zorgen,1050,152,1e-4,1133414,152,3e-4,1,1,3481,469,2720,7,62783,2,1
sub_101,3,1,51,78,het spijt me,3930,0,0,1133414,.,0,0,1,3481,469,2720,11,9737,2,1
sub_101,3,1,51,78,wat gebeurt er,2260,0,0,1133414,.,0,0,1,3481,469,2720,6,43298,1,1
sub_101,3,1,51,78,wat gebeurt er,2790,0,0,1133414,.,0,0,1,3481,469,2720,6,43298,1,1
sub_101,3,1,51,78,ik ben dol op,1960,186,2e-4,1133414,186,3e-4,1,1,3481,469,2720,6,8180,1,1
sub_101,3,1,51,78,ik ben dol op,1890,0,0,1133414,.,0,0,1,3481,469,2720,6,8180,1,1
sub_101,3,1,51,78,ik weet niet,1460,0,0,1133414,.,0,0,1,3481,469,2720,NA,NA,NA,NA
sub_101,3,1,51,78,je hoort hier,2230,0,0,1133414,.,0,0,1,3481,469,2720,10,455,2,1
sub_101,3,1,51,78,naar buiten,2820,0,0,1133414,.,0,0,1,3481,469,2720,4,260816,2,1
sub_101,3,1,51,78,naar buiten,2820,0,0,1133414,.,0,0,1,3481,469,2720,4,260816,2,1
sub_205,4,1,39,65,in deze buurt,1790,0,0,983528,.,0,0,1,3838,101,2720,10,5645,2,1
sub_205,4,1,39,65,dit is vreselijk,2790,0,0,983528,.,0,0,1,3838,101,2720,3,156,1,1
sub_205,4,1,39,65,de goeie plek,1530,0,0,983528,.,0,0,1,3838,101,2720,21,270,1,1
sub_205,4,1,39,65,de goeie plek,1330,0,0,983528,.,0,0,1,3838,101,2720,21,270,1,1
sub_205,4,1,39,65,de goeie plek,2460,0,0,983528,.,0,0,1,3838,101,2720,21,270,1,1
sub_205,4,1,39,65,de goeie plek,1550,0,0,983528,.,0,0,1,3838,101,2720,21,270,1,1
sub_205,4,1,39,65,de goeie plek,3560,0,0,983528,.,0,0,1,3838,101,2720,21,270,1,1
sub_205,4,1,39,65,de goeie plek,2150,26,0,983528,26,3e-4,1,1,3838,101,2720,21,270,1,1
sub_205,4,1,39,65,de goeie plek,3290,0,0,983528,.,0,0,1,3838,101,2720,21,270,1,1
sub_205,4,1,39,65,de goeie plek,2190,0,0,983528,.,0,0,1,3838,101,2720,21,270,1,1
sub_205,4,1,39,65,de slechte plek,2800,0,0,983528,.,0,0,1,3838,101,2720,15,139,2,1
sub_205,4,1,39,65,de slechte plek,1550,0,0,983528,.,0,0,1,3838,101,2720,15,139,2,1
sub_205,4,1,39,65,de slechte plek,2660,0,0,983528,.,0,0,1,3838,101,2720,15,139,2,1
sub_205,4,1,39,65,de slechte plek,1650,0,0,983528,.,0,0,1,3838,101,2720,15,139,2,1
sub_205,4,1,39,65,geen zorgen,1050,0,0,983528,.,0,0,1,3838,101,2720,7,62783,2,1
sub_205,4,1,39,65,het spijt me,3930,0,0,983528,.,0,0,1,3838,101,2720,11,9737,1,1
sub_205,4,1,39,65,wat gebeurt er,2260,0,0,983528,.,0,0,1,3838,101,2720,6,43298,1,1
sub_205,4,1,39,65,wat gebeurt er,2790,0,0,983528,.,0,0,1,3838,101,2720,6,43298,1,1
sub_205,4,1,39,65,ik ben dol op,1960,0,0,983528,.,0,0,1,3838,101,2720,6,8180,1,1
sub_205,4,1,39,65,ik ben dol op,1890,0,0,983528,.,0,0,1,3838,101,2720,6,8180,1,1
sub_205,4,1,39,65,ik weet niet,1460,0,0,983528,.,0,0,1,3838,101,2720,NA,NA,NA,NA
sub_205,4,1,39,65,je hoort hier,2230,0,0,983528,.,0,0,1,3838,101,2720,10,455,2,1
sub_205,4,1,39,65,naar buiten,2820,0,0,983528,.,0,0,1,3838,101,2720,4,260816,2,1
sub_205,4,1,39,65,naar buiten,2820,0,0,983528,.,0,0,1,3838,101,2720,4,260816,2,1
sub_105,5,1,55,62,in deze buurt,1790,0,0,1129338,.,0,0,1,4317,278,2720,10,5645,1,1
sub_105,5,1,55,62,dit is vreselijk,2790,0,0,1129338,.,0,0,1,4317,278,2720,3,156,1,1
sub_105,5,1,55,62,de goeie plek,1530,0,0,1129338,.,0,0,1,4317,278,2720,21,270,2,1
sub_105,5,1,55,62,de goeie plek,1330,0,0,1129338,.,0,0,1,4317,278,2720,21,270,2,1
sub_105,5,1,55,62,de goeie plek,2460,0,0,1129338,.,0,0,1,4317,278,2720,21,270,2,1
sub_105,5,1,55,62,de goeie plek,1550,310,3e-4,1129338,168,5e-4,2,0,4317,278,2720,21,270,2,1
sub_105,5,1,55,62,de goeie plek,3560,856,8e-4,1129338,182,9e-4,4,1,4317,278,2720,21,270,2,1
sub_105,5,1,55,62,de goeie plek,2150,0,0,1129338,.,0,0,1,4317,278,2720,21,270,2,1
sub_105,5,1,55,62,de goeie plek,3290,0,0,1129338,.,0,0,1,4317,278,2720,21,270,2,1
sub_105,5,1,55,62,de goeie plek,2190,214,2e-4,1129338,80,5e-4,2,1,4317,278,2720,21,270,2,1
sub_105,5,1,55,62,de slechte plek,2800,0,0,1129338,.,0,0,1,4317,278,2720,15,139,2,1
sub_105,5,1,55,62,de slechte plek,1550,0,0,1129338,.,0,0,1,4317,278,2720,15,139,2,1
sub_105,5,1,55,62,de slechte plek,2660,0,0,1129338,.,0,0,1,4317,278,2720,15,139,2,1
sub_105,5,1,55,62,de slechte plek,1650,46,0,1129338,46,2e-4,1,1,4317,278,2720,15,139,2,1
sub_105,5,1,55,62,geen zorgen,1050,0,0,1129338,.,0,0,1,4317,278,2720,7,62783,2,1
sub_105,5,1,55,62,het spijt me,3930,0,0,1129338,.,0,0,1,4317,278,2720,11,9737,2,1
sub_105,5,1,55,62,wat gebeurt er,2260,246,2e-4,1129338,102,5e-4,2,1,4317,278,2720,6,43298,2,1
sub_105,5,1,55,62,wat gebeurt er,2790,0,0,1129338,.,0,0,1,4317,278,2720,6,43298,2,1
sub_105,5,1,55,62,ik ben dol op,1960,0,0,1129338,.,0,0,1,4317,278,2720,6,8180,2,1
sub_105,5,1,55,62,ik ben dol op,1890,0,0,1129338,.,0,0,1,4317,278,2720,6,8180,2,1
sub_105,5,1,55,62,ik weet niet,1460,0,0,1129338,.,0,0,1,4317,278,2720,NA,NA,NA,NA
sub_105,5,1,55,62,je hoort hier,2230,0,0,1129338,.,0,0,1,4317,278,2720,10,455,2,1
sub_105,5,1,55,62,naar buiten,2820,0,0,1129338,.,0,0,1,4317,278,2720,4,260816,2,1
sub_105,5,1,55,62,naar buiten,2820,0,0,1129338,.,0,0,1,4317,278,2720,4,260816,2,1
sub_106,6,1,61,68,in deze buurt,1790,0,0,1123398,.,0,0,1,4366,1046,2720,10,5645,2,1
sub_106,6,1,61,68,dit is vreselijk,2790,910,8e-4,1123398,312,9e-4,4,1,4366,1046,2720,3,156,2,1
sub_106,6,1,61,68,de goeie plek,1530,0,0,1123398,.,0,0,1,4366,1046,2720,21,270,1,1
sub_106,6,1,61,68,de goeie plek,1330,0,0,1123398,.,0,0,1,4366,1046,2720,21,270,1,1
sub_106,6,1,61,68,de goeie plek,2460,180,2e-4,1123398,180,2e-4,1,1,4366,1046,2720,21,270,1,1
sub_106,6,1,61,68,de goeie plek,1550,0,0,1123398,.,0,0,1,4366,1046,2720,21,270,1,1
sub_106,6,1,61,68,de goeie plek,3560,488,4e-4,1123398,144,5e-4,2,0,4366,1046,2720,21,270,1,1
sub_106,6,1,61,68,de goeie plek,2150,414,4e-4,1123398,262,5e-4,2,0,4366,1046,2720,21,270,1,1
sub_106,6,1,61,68,de goeie plek,3290,1026,9e-4,1123398,150,9e-4,4,1,4366,1046,2720,21,270,1,1
sub_106,6,1,61,68,de goeie plek,2190,0,0,1123398,.,0,0,1,4366,1046,2720,21,270,1,1
sub_106,6,1,61,68,de slechte plek,2800,0,0,1123398,.,0,0,1,4366,1046,2720,15,139,2,1
sub_106,6,1,61,68,de slechte plek,1550,0,0,1123398,.,0,0,1,4366,1046,2720,15,139,2,1
sub_106,6,1,61,68,de slechte plek,2660,0,0,1123398,.,0,0,1,4366,1046,2720,15,139,2,1
sub_106,6,1,61,68,de slechte plek,1650,0,0,1123398,.,0,0,1,4366,1046,2720,15,139,2,1
sub_106,6,1,61,68,geen zorgen,1050,0,0,1123398,.,0,0,1,4366,1046,2720,7,62783,2,1
sub_106,6,1,61,68,het spijt me,3930,163,1e-4,1123398,163,2e-4,1,1,4366,1046,2720,11,9737,1,1
sub_106,6,1,61,68,wat gebeurt er,2260,0,0,1123398,.,0,0,1,4366,1046,2720,6,43298,1,1
sub_106,6,1,61,68,wat gebeurt er,2790,0,0,1123398,.,0,0,1,4366,1046,2720,6,43298,1,1
sub_106,6,1,61,68,ik ben dol op,1960,976,9e-4,1123398,228,9e-4,4,0,4366,1046,2720,6,8180,1,1
sub_106,6,1,61,68,ik ben dol op,1890,0,0,1123398,.,0,0,1,4366,1046,2720,6,8180,1,1
sub_106,6,1,61,68,ik weet niet,1460,144,1e-4,1123398,144,2e-4,1,1,4366,1046,2720,NA,NA,NA,NA
sub_106,6,1,61,68,je hoort hier,2230,0,0,1123398,.,0,0,1,4366,1046,2720,10,455,1,1
sub_106,6,1,61,68,naar buiten,2820,0,0,1123398,.,0,0,1,4366,1046,2720,4,260816,3,2
sub_106,6,1,61,68,naar buiten,2820,0,0,1123398,.,0,0,1,4366,1046,2720,4,260816,3,2
sub_107,7,1,66,80,in deze buurt,1790,0,0,1178636,.,0,0,1,3281,414,2720,10,5645,2,1
sub_107,7,1,66,80,dit is vreselijk,2790,366,3e-4,1178636,176,6e-4,2,1,3281,414,2720,3,156,2,1
sub_107,7,1,66,80,de goeie plek,1530,500,4e-4,1178636,150,6e-4,2,1,3281,414,2720,21,270,2,1
sub_107,7,1,66,80,de goeie plek,1330,436,4e-4,1178636,148,9e-4,3,1,3281,414,2720,21,270,2,1
sub_107,7,1,66,80,de goeie plek,2460,0,0,1178636,.,0,0,1,3281,414,2720,21,270,2,1
sub_107,7,1,66,80,de goeie plek,1550,120,1e-4,1178636,120,3e-4,1,1,3281,414,2720,21,270,2,1
sub_107,7,1,66,80,de goeie plek,3560,1348,0.0011,1178636,146,0.0024,8,1,3281,414,2720,21,270,2,1
sub_107,7,1,66,80,de goeie plek,2150,318,3e-4,1178636,160,6e-4,2,1,3281,414,2720,21,270,2,1
sub_107,7,1,66,80,de goeie plek,3290,0,0,1178636,.,0,0,1,3281,414,2720,21,270,2,1
sub_107,7,1,66,80,de goeie plek,2190,0,0,1178636,.,0,0,1,3281,414,2720,21,270,2,1
sub_107,7,1,66,80,de slechte plek,2800,0,0,1178636,.,0,0,1,3281,414,2720,15,139,2,1
sub_107,7,1,66,80,de slechte plek,1550,0,0,1178636,.,0,0,1,3281,414,2720,15,139,2,1
sub_107,7,1,66,80,de slechte plek,2660,0,0,1178636,.,0,0,1,3281,414,2720,15,139,2,1
sub_107,7,1,66,80,de slechte plek,1650,0,0,1178636,.,0,0,1,3281,414,2720,15,139,2,1
sub_107,7,1,66,80,geen zorgen,1050,0,0,1178636,.,0,0,1,3281,414,2720,7,62783,2,1
sub_107,7,1,66,80,het spijt me,3930,0,0,1178636,.,0,0,1,3281,414,2720,11,9737,1,1
sub_107,7,1,66,80,wat gebeurt er,2260,143,1e-4,1178636,134,6e-4,2,0,3281,414,2720,6,43298,2,1
sub_107,7,1,66,80,wat gebeurt er,2790,432,4e-4,1178636,154,9e-4,3,1,3281,414,2720,6,43298,2,1
sub_107,7,1,66,80,ik ben dol op,1960,136,1e-4,1178636,136,3e-4,1,1,3281,414,2720,6,8180,2,1
sub_107,7,1,66,80,ik ben dol op,1890,0,0,1178636,.,0,0,1,3281,414,2720,6,8180,2,1
sub_107,7,1,66,80,ik weet niet,1460,0,0,1178636,.,0,0,1,3281,414,2720,NA,NA,NA,NA
sub_107,7,1,66,80,je hoort hier,2230,0,0,1178636,.,0,0,1,3281,414,2720,10,455,2,1
sub_107,7,1,66,80,naar buiten,2820,0,0,1178636,.,0,0,1,3281,414,2720,4,260816,2,1
sub_107,7,1,66,80,naar buiten,2820,0,0,1178636,.,0,0,1,3281,414,2720,4,260816,2,1
sub_108,8,1,67,75,in deze buurt,1790,538,5e-4,1111880,90,8e-4,3,1,3714,990,2720,10,5645,2,1
sub_108,8,1,67,75,dit is vreselijk,2790,1530,0.0014,1111880,124,0.0011,4,1,3714,990,2720,3,156,1,1
sub_108,8,1,67,75,de goeie plek,1530,540,5e-4,1111880,200,0.0011,4,0,3714,990,2720,21,270,1,1
sub_108,8,1,67,75,de goeie plek,1330,672,6e-4,1111880,252,8e-4,3,0,3714,990,2720,21,270,1,1
sub_108,8,1,67,75,de goeie plek,2460,220,2e-4,1111880,220,3e-4,1,1,3714,990,2720,21,270,1,1
sub_108,8,1,67,75,de goeie plek,1550,0,0,1111880,.,0,0,1,3714,990,2720,21,270,1,1
sub_108,8,1,67,75,de goeie plek,3560,0,0,1111880,.,0,0,1,3714,990,2720,21,270,1,1
sub_108,8,1,67,75,de goeie plek,2150,654,6e-4,1111880,196,8e-4,3,1,3714,990,2720,21,270,1,1
sub_108,8,1,67,75,de goeie plek,3290,832,7e-4,1111880,170,0.0011,4,1,3714,990,2720,21,270,1,1
sub_108,8,1,67,75,de goeie plek,2190,426,4e-4,1111880,246,5e-4,2,1,3714,990,2720,21,270,1,1
sub_108,8,1,67,75,de slechte plek,2800,344,3e-4,1111880,220,5e-4,2,1,3714,990,2720,15,139,2,1
sub_108,8,1,67,75,de slechte plek,1550,638,6e-4,1111880,258,8e-4,3,1,3714,990,2720,15,139,2,1
sub_108,8,1,67,75,de slechte plek,2660,906,8e-4,1111880,238,0.0011,4,1,3714,990,2720,15,139,2,1
sub_108,8,1,67,75,de slechte plek,1650,270,2e-4,1111880,270,3e-4,1,1,3714,990,2720,15,139,2,1
sub_108,8,1,67,75,geen zorgen,1050,715,6e-4,1111880,218,8e-4,3,0,3714,990,2720,7,62783,1,1
sub_108,8,1,67,75,het spijt me,3930,227,2e-4,1111880,71,5e-4,2,1,3714,990,2720,11,9737,2,1
sub_108,8,1,67,75,wat gebeurt er,2260,0,0,1111880,.,0,0,1,3714,990,2720,6,43298,1,1
sub_108,8,1,67,75,wat gebeurt er,2790,0,0,1111880,.,0,0,1,3714,990,2720,6,43298,1,1
sub_108,8,1,67,75,ik ben dol op,1960,0,0,1111880,.,0,0,1,3714,990,2720,6,8180,1,1
sub_108,8,1,67,75,ik ben dol op,1890,0,0,1111880,.,0,0,1,3714,990,2720,6,8180,1,1
sub_108,8,1,67,75,ik weet niet,1460,334,3e-4,1111880,334,3e-4,1,1,3714,990,2720,NA,NA,NA,NA
sub_108,8,1,67,75,je hoort hier,2230,0,0,1111880,.,0,0,1,3714,990,2720,10,455,2,1
sub_108,8,1,67,75,naar buiten,2820,0,0,1111880,.,0,0,1,3714,990,2720,4,260816,2,1
sub_108,8,1,67,75,naar buiten,2820,0,0,1111880,.,0,0,1,3714,990,2720,4,260816,2,1
sub_109,9,1,49,58,in deze buurt,1790,134,1e-4,1097470,134,3e-4,1,1,3893,631,2720,10,5645,2,1
sub_109,9,1,49,58,dit is vreselijk,2790,30,0,1097470,30,3e-4,1,1,3893,631,2720,3,156,1,1
sub_109,9,1,49,58,de goeie plek,1530,0,0,1097470,.,0,0,1,3893,631,2720,21,270,1,1
sub_109,9,1,49,58,de goeie plek,1330,0,0,1097470,.,0,0,1,3893,631,2720,21,270,1,1
sub_109,9,1,49,58,de goeie plek,2460,346,3e-4,1097470,346,3e-4,1,1,3893,631,2720,21,270,1,1
sub_109,9,1,49,58,de goeie plek,1550,390,4e-4,1097470,390,3e-4,1,0,3893,631,2720,21,270,1,1
sub_109,9,1,49,58,de goeie plek,3560,0,0,1097470,.,0,0,1,3893,631,2720,21,270,1,1
sub_109,9,1,49,58,de goeie plek,2150,556,5e-4,1097470,314,8e-4,3,0,3893,631,2720,21,270,1,1
sub_109,9,1,49,58,de goeie plek,3290,490,4e-4,1097470,164,8e-4,3,1,3893,631,2720,21,270,1,1
sub_109,9,1,49,58,de goeie plek,2190,238,2e-4,1097470,238,3e-4,1,1,3893,631,2720,21,270,1,1
sub_109,9,1,49,58,de slechte plek,2800,156,1e-4,1097470,156,3e-4,1,1,3893,631,2720,15,139,1,1
sub_109,9,1,49,58,de slechte plek,1550,180,2e-4,1097470,180,3e-4,1,1,3893,631,2720,15,139,1,1
sub_109,9,1,49,58,de slechte plek,2660,102,1e-4,1097470,72,5e-4,2,1,3893,631,2720,15,139,1,1
sub_109,9,1,49,58,de slechte plek,1650,0,0,1097470,.,0,0,1,3893,631,2720,15,139,1,1
sub_109,9,1,49,58,geen zorgen,1050,0,0,1097470,.,0,0,1,3893,631,2720,7,62783,2,1
sub_109,9,1,49,58,het spijt me,3930,0,0,1097470,.,0,0,1,3893,631,2720,11,9737,1,1
sub_109,9,1,49,58,wat gebeurt er,2260,0,0,1097470,.,0,0,1,3893,631,2720,6,43298,2,1
sub_109,9,1,49,58,wat gebeurt er,2790,164,1e-4,1097470,164,3e-4,1,1,3893,631,2720,6,43298,2,1
sub_109,9,1,49,58,ik ben dol op,1960,308,3e-4,1097470,308,3e-4,1,1,3893,631,2720,6,8180,1,1
sub_109,9,1,49,58,ik ben dol op,1890,0,0,1097470,.,0,0,1,3893,631,2720,6,8180,1,1
sub_109,9,1,49,58,ik weet niet,1460,0,0,1097470,.,0,0,1,3893,631,2720,NA,NA,NA,NA
sub_109,9,1,49,58,je hoort hier,2230,0,0,1097470,.,0,0,1,3893,631,2720,10,455,1,1
sub_109,9,1,49,58,naar buiten,2820,0,0,1097470,.,0,0,1,3893,631,2720,4,260816,2,1
sub_109,9,1,49,58,naar buiten,2820,0,0,1097470,.,0,0,1,3893,631,2720,4,260816,2,1
sub_111,11,1,38,70,in deze buurt,1790,0,0,1153944,.,0,0,1,3365,384,2720,10,5645,1,1
sub_111,11,1,38,70,dit is vreselijk,2790,262,2e-4,1153944,262,3e-4,1,1,3365,384,2720,3,156,2,1
sub_111,11,1,38,70,de goeie plek,1530,0,0,1153944,.,0,0,1,3365,384,2720,21,270,2,1
sub_111,11,1,38,70,de goeie plek,1330,0,0,1153944,.,0,0,1,3365,384,2720,21,270,2,1
sub_111,11,1,38,70,de goeie plek,2460,0,0,1153944,.,0,0,1,3365,384,2720,21,270,2,1
sub_111,11,1,38,70,de goeie plek,1550,162,1e-4,1153944,162,3e-4,1,0,3365,384,2720,21,270,2,1
sub_111,11,1,38,70,de goeie plek,3560,1012,9e-4,1153944,170,0.0015,5,0,3365,384,2720,21,270,2,1
sub_111,11,1,38,70,de goeie plek,2150,0,0,1153944,.,0,0,1,3365,384,2720,21,270,2,1
sub_111,11,1,38,70,de goeie plek,3290,0,0,1153944,.,0,0,1,3365,384,2720,21,270,2,1
sub_111,11,1,38,70,de goeie plek,2190,0,0,1153944,.,0,0,1,3365,384,2720,21,270,2,1
sub_111,11,1,38,70,de slechte plek,2800,0,0,1153944,.,0,0,1,3365,384,2720,15,139,1,1
sub_111,11,1,38,70,de slechte plek,1550,208,2e-4,1153944,208,3e-4,1,1,3365,384,2720,15,139,1,1
sub_111,11,1,38,70,de slechte plek,2660,1178,0.001,1153944,248,0.0015,5,1,3365,384,2720,15,139,1,1
sub_111,11,1,38,70,de slechte plek,1650,366,3e-4,1153944,102,9e-4,3,1,3365,384,2720,15,139,1,1
sub_111,11,1,38,70,geen zorgen,1050,0,0,1153944,.,0,0,1,3365,384,2720,7,62783,1,1
sub_111,11,1,38,70,het spijt me,3930,0,0,1153944,.,0,0,1,3365,384,2720,11,9737,1,1
sub_111,11,1,38,70,wat gebeurt er,2260,362,3e-4,1153944,212,6e-4,2,1,3365,384,2720,6,43298,3,2
sub_111,11,1,38,70,wat gebeurt er,2790,48,0,1153944,48,3e-4,1,1,3365,384,2720,6,43298,3,2
sub_111,11,1,38,70,ik ben dol op,1960,0,0,1153944,.,0,0,1,3365,384,2720,6,8180,2,1
sub_111,11,1,38,70,ik ben dol op,1890,0,0,1153944,.,0,0,1,3365,384,2720,6,8180,2,1
sub_111,11,1,38,70,ik weet niet,1460,805,7e-4,1153944,43,0.0012,4,1,3365,384,2720,NA,NA,NA,NA
sub_111,11,1,38,70,je hoort hier,2230,0,0,1153944,.,0,0,1,3365,384,2720,10,455,2,1
sub_111,11,1,38,70,naar buiten,2820,0,0,1153944,.,0,0,1,3365,384,2720,4,260816,2,1
sub_111,11,1,38,70,naar buiten,2820,0,0,1153944,.,0,0,1,3365,384,2720,4,260816,2,1
sub_115,15,1,70,70,in deze buurt,1790,0,0,1142096,.,0,0,1,3244,196,2720,10,5645,1,1
sub_115,15,1,70,70,dit is vreselijk,2790,0,0,1142096,.,0,0,1,3244,196,2720,3,156,1,1
sub_115,15,1,70,70,de goeie plek,1530,0,0,1142096,.,0,0,1,3244,196,2720,21,270,1,1
sub_115,15,1,70,70,de goeie plek,1330,0,0,1142096,.,0,0,1,3244,196,2720,21,270,1,1
sub_115,15,1,70,70,de goeie plek,2460,0,0,1142096,.,0,0,1,3244,196,2720,21,270,1,1
sub_115,15,1,70,70,de goeie plek,1550,216,2e-4,1142096,216,3e-4,1,1,3244,196,2720,21,270,1,1
sub_115,15,1,70,70,de goeie plek,3560,0,0,1142096,.,0,0,1,3244,196,2720,21,270,1,1
sub_115,15,1,70,70,de goeie plek,2150,0,0,1142096,.,0,0,1,3244,196,2720,21,270,1,1
sub_115,15,1,70,70,de goeie plek,3290,0,0,1142096,.,0,0,1,3244,196,2720,21,270,1,1
sub_115,15,1,70,70,de goeie plek,2190,0,0,1142096,.,0,0,1,3244,196,2720,21,270,1,1
sub_115,15,1,70,70,de slechte plek,2800,0,0,1142096,.,0,0,1,3244,196,2720,15,139,2,1
sub_115,15,1,70,70,de slechte plek,1550,0,0,1142096,.,0,0,1,3244,196,2720,15,139,2,1
sub_115,15,1,70,70,de slechte plek,2660,266,2e-4,1142096,266,3e-4,1,1,3244,196,2720,15,139,2,1
sub_115,15,1,70,70,de slechte plek,1650,0,0,1142096,.,0,0,1,3244,196,2720,15,139,2,1
sub_115,15,1,70,70,geen zorgen,1050,0,0,1142096,.,0,0,1,3244,196,2720,7,62783,2,1
sub_115,15,1,70,70,het spijt me,3930,0,0,1142096,.,0,0,1,3244,196,2720,11,9737,1,1
sub_115,15,1,70,70,wat gebeurt er,2260,0,0,1142096,.,0,0,1,3244,196,2720,6,43298,1,1
sub_115,15,1,70,70,wat gebeurt er,2790,0,0,1142096,.,0,0,1,3244,196,2720,6,43298,1,1
sub_115,15,1,70,70,ik ben dol op,1960,0,0,1142096,.,0,0,1,3244,196,2720,6,8180,1,1
sub_115,15,1,70,70,ik ben dol op,1890,0,0,1142096,.,0,0,1,3244,196,2720,6,8180,1,1
sub_115,15,1,70,70,ik weet niet,1460,0,0,1142096,.,0,0,1,3244,196,2720,NA,NA,NA,NA
sub_115,15,1,70,70,je hoort hier,2230,0,0,1142096,.,0,0,1,3244,196,2720,10,455,2,1
sub_115,15,1,70,70,naar buiten,2820,0,0,1142096,.,0,0,1,3244,196,2720,4,260816,2,1
sub_115,15,1,70,70,naar buiten,2820,0,0,1142096,.,0,0,1,3244,196,2720,4,260816,2,1
sub_102,17,1,57,70,in deze buurt,1790,650,5e-4,1184462,88,0.001,3,0,2897,507,2720,10,5645,2,1
sub_102,17,1,57,70,dit is vreselijk,2790,174,1e-4,1184462,174,3e-4,1,1,2897,507,2720,3,156,1,1
sub_102,17,1,57,70,de goeie plek,1530,354,3e-4,1184462,170,7e-4,2,1,2897,507,2720,21,270,1,1
sub_102,17,1,57,70,de goeie plek,1330,0,0,1184462,.,0,0,1,2897,507,2720,21,270,1,1
sub_102,17,1,57,70,de goeie plek,2460,0,0,1184462,.,0,0,1,2897,507,2720,21,270,1,1
sub_102,17,1,57,70,de goeie plek,1550,0,0,1184462,.,0,0,1,2897,507,2720,21,270,1,1
sub_102,17,1,57,70,de goeie plek,3560,0,0,1184462,.,0,0,1,2897,507,2720,21,270,1,1
sub_102,17,1,57,70,de goeie plek,2150,0,0,1184462,.,0,0,1,2897,507,2720,21,270,1,1
sub_102,17,1,57,70,de goeie plek,3290,142,1e-4,1184462,142,3e-4,1,1,2897,507,2720,21,270,1,1
sub_102,17,1,57,70,de goeie plek,2190,0,0,1184462,.,0,0,1,2897,507,2720,21,270,1,1
sub_102,17,1,57,70,de slechte plek,2800,0,0,1184462,.,0,0,1,2897,507,2720,15,139,1,1
sub_102,17,1,57,70,de slechte plek,1550,0,0,1184462,.,0,0,1,2897,507,2720,15,139,1,1
sub_102,17,1,57,70,de slechte plek,2660,0,0,1184462,.,0,0,1,2897,507,2720,15,139,1,1
sub_102,17,1,57,70,de slechte plek,1650,1202,0.001,1184462,138,0.0024,7,0,2897,507,2720,15,139,1,1
sub_102,17,1,57,70,geen zorgen,1050,288,2e-4,1184462,132,7e-4,2,1,2897,507,2720,7,62783,2,1
sub_102,17,1,57,70,het spijt me,3930,0,0,1184462,.,0,0,1,2897,507,2720,11,9737,1,1
sub_102,17,1,57,70,wat gebeurt er,2260,0,0,1184462,.,0,0,1,2897,507,2720,6,43298,1,1
sub_102,17,1,57,70,wat gebeurt er,2790,358,3e-4,1184462,132,7e-4,2,1,2897,507,2720,6,43298,1,1
sub_102,17,1,57,70,ik ben dol op,1960,0,0,1184462,.,0,0,1,2897,507,2720,6,8180,1,1
sub_102,17,1,57,70,ik ben dol op,1890,0,0,1184462,.,0,0,1,2897,507,2720,6,8180,1,1
sub_102,17,1,57,70,ik weet niet,1460,646,5e-4,1184462,134,0.001,3,1,2897,507,2720,NA,NA,NA,NA
sub_102,17,1,57,70,je hoort hier,2230,0,0,1184462,.,0,0,1,2897,507,2720,10,455,1,1
sub_102,17,1,57,70,naar buiten,2820,0,0,1184462,.,0,0,1,2897,507,2720,4,260816,2,1
sub_102,17,1,57,70,naar buiten,2820,0,0,1184462,.,0,0,1,2897,507,2720,4,260816,2,1
sub_118,18,1,54,72,in deze buurt,1790,830,8e-4,979676,200,0.001,5,1,4853,456,2720,10,5645,1,1
sub_118,18,1,54,72,dit is vreselijk,2790,282,3e-4,979676,174,4e-4,2,1,4853,456,2720,3,156,1,1
sub_118,18,1,54,72,de goeie plek,1530,0,0,979676,.,0,0,1,4853,456,2720,21,270,1,1
sub_118,18,1,54,72,de goeie plek,1330,0,0,979676,.,0,0,1,4853,456,2720,21,270,1,1
sub_118,18,1,54,72,de goeie plek,2460,492,5e-4,979676,174,6e-4,3,1,4853,456,2720,21,270,1,1
sub_118,18,1,54,72,de goeie plek,1550,0,0,979676,.,0,0,1,4853,456,2720,21,270,1,1
sub_118,18,1,54,72,de goeie plek,3560,656,7e-4,979676,232,0.001,5,1,4853,456,2720,21,270,1,1
sub_118,18,1,54,72,de goeie plek,2150,0,0,979676,.,0,0,1,4853,456,2720,21,270,1,1
sub_118,18,1,54,72,de goeie plek,3290,1034,0.0011,979676,192,0.0014,7,1,4853,456,2720,21,270,1,1
sub_118,18,1,54,72,de goeie plek,2190,0,0,979676,.,0,0,1,4853,456,2720,21,270,1,1
sub_118,18,1,54,72,de slechte plek,2800,0,0,979676,.,0,0,1,4853,456,2720,15,139,2,1
sub_118,18,1,54,72,de slechte plek,1550,0,0,979676,.,0,0,1,4853,456,2720,15,139,2,1
sub_118,18,1,54,72,de slechte plek,2660,512,5e-4,979676,154,6e-4,3,1,4853,456,2720,15,139,2,1
sub_118,18,1,54,72,de slechte plek,1650,0,0,979676,.,0,0,1,4853,456,2720,15,139,2,1
sub_118,18,1,54,72,geen zorgen,1050,424,4e-4,979676,140,6e-4,3,0,4853,456,2720,7,62783,1,1
sub_118,18,1,54,72,het spijt me,3930,0,0,979676,.,0,0,1,4853,456,2720,11,9737,1,1
sub_118,18,1,54,72,wat gebeurt er,2260,280,3e-4,979676,164,4e-4,2,1,4853,456,2720,6,43298,1,1
sub_118,18,1,54,72,wat gebeurt er,2790,311,3e-4,979676,166,4e-4,2,0,4853,456,2720,6,43298,1,1
sub_118,18,1,54,72,ik ben dol op,1960,848,9e-4,979676,124,0.0012,6,1,4853,456,2720,6,8180,1,1
sub_118,18,1,54,72,ik ben dol op,1890,0,0,979676,.,0,0,1,4853,456,2720,6,8180,1,1
sub_118,18,1,54,72,ik weet niet,1460,0,0,979676,.,0,0,1,4853,456,2720,NA,NA,NA,NA
sub_118,18,1,54,72,je hoort hier,2230,0,0,979676,.,0,0,1,4853,456,2720,10,455,2,1
sub_118,18,1,54,72,naar buiten,2820,0,0,979676,.,0,0,1,4853,456,2720,4,260816,1,1
sub_118,18,1,54,72,naar buiten,2820,0,0,979676,.,0,0,1,4853,456,2720,4,260816,1,1
sub_119,19,1,45,42,in deze buurt,1790,0,0,687500,.,0,0,1,3637,578,2720,10,5645,1,1
sub_119,19,1,45,42,dit is vreselijk,2790,0,0,687500,.,0,0,1,3637,578,2720,3,156,1,1
sub_119,19,1,45,42,de goeie plek,1530,0,0,687500,.,0,0,1,3637,578,2720,21,270,1,1
sub_119,19,1,45,42,de goeie plek,1330,0,0,687500,.,0,0,1,3637,578,2720,21,270,1,1
sub_119,19,1,45,42,de goeie plek,2460,0,0,687500,.,0,0,1,3637,578,2720,21,270,1,1
sub_119,19,1,45,42,de goeie plek,1550,0,0,687500,.,0,0,1,3637,578,2720,21,270,1,1
sub_119,19,1,45,42,de goeie plek,3560,1186,0.0017,687500,224,0.0011,4,1,3637,578,2720,21,270,1,1
sub_119,19,1,45,42,de goeie plek,2150,0,0,687500,.,0,0,1,3637,578,2720,21,270,1,1
sub_119,19,1,45,42,de goeie plek,3290,540,8e-4,687500,184,8e-4,3,1,3637,578,2720,21,270,1,1
sub_119,19,1,45,42,de goeie plek,2190,0,0,687500,.,0,0,1,3637,578,2720,21,270,1,1
sub_119,19,1,45,42,de slechte plek,2800,578,8e-4,687500,58,0.0011,4,1,3637,578,2720,15,139,1,1
sub_119,19,1,45,42,de slechte plek,1550,0,0,687500,.,0,0,1,3637,578,2720,15,139,1,1
sub_119,19,1,45,42,de slechte plek,2660,422,6e-4,687500,22,0.0016,6,1,3637,578,2720,15,139,1,1
sub_119,19,1,45,42,de slechte plek,1650,0,0,687500,.,0,0,1,3637,578,2720,15,139,1,1
sub_119,19,1,45,42,geen zorgen,1050,147,2e-4,687500,147,3e-4,1,0,3637,578,2720,7,62783,1,1
sub_119,19,1,45,42,het spijt me,3930,0,0,687500,.,0,0,1,3637,578,2720,11,9737,1,1
sub_119,19,1,45,42,wat gebeurt er,2260,520,8e-4,687500,66,8e-4,3,1,3637,578,2720,6,43298,1,1
sub_119,19,1,45,42,wat gebeurt er,2790,712,0.001,687500,144,0.0011,4,1,3637,578,2720,6,43298,1,1
sub_119,19,1,45,42,ik ben dol op,1960,0,0,687500,.,0,0,1,3637,578,2720,6,8180,1,1
sub_119,19,1,45,42,ik ben dol op,1890,249,4e-4,687500,59,5e-4,2,1,3637,578,2720,6,8180,1,1
sub_119,19,1,45,42,ik weet niet,1460,0,0,687500,.,0,0,1,3637,578,2720,NA,NA,NA,NA
sub_119,19,1,45,42,je hoort hier,2230,0,0,687500,.,0,0,1,3637,578,2720,10,455,1,1
sub_119,19,1,45,42,naar buiten,2820,0,0,687500,.,0,0,1,3637,578,2720,4,260816,1,1
sub_119,19,1,45,42,naar buiten,2820,0,0,687500,.,0,0,1,3637,578,2720,4,260816,1,1
sub_120,20,1,52,62,in deze buurt,1790,158,1e-4,1119260,158,2e-4,1,1,4297,731,2720,10,5645,2,1
sub_120,20,1,52,62,dit is vreselijk,2790,158,1e-4,1119260,158,2e-4,1,1,4297,731,2720,3,156,2,1
sub_120,20,1,52,62,de goeie plek,1530,612,5e-4,1119260,312,7e-4,3,1,4297,731,2720,21,270,2,1
sub_120,20,1,52,62,de goeie plek,1330,654,6e-4,1119260,190,9e-4,4,1,4297,731,2720,21,270,2,1
sub_120,20,1,52,62,de goeie plek,2460,0,0,1119260,.,0,0,1,4297,731,2720,21,270,2,1
sub_120,20,1,52,62,de goeie plek,1550,0,0,1119260,.,0,0,1,4297,731,2720,21,270,2,1
sub_120,20,1,52,62,de goeie plek,3560,0,0,1119260,.,0,0,1,4297,731,2720,21,270,2,1
sub_120,20,1,52,62,de goeie plek,2150,0,0,1119260,.,0,0,1,4297,731,2720,21,270,2,1
sub_120,20,1,52,62,de goeie plek,3290,236,2e-4,1119260,236,2e-4,1,1,4297,731,2720,21,270,2,1
sub_120,20,1,52,62,de goeie plek,2190,868,8e-4,1119260,314,9e-4,4,1,4297,731,2720,21,270,2,1
sub_120,20,1,52,62,de slechte plek,2800,580,5e-4,1119260,134,9e-4,4,1,4297,731,2720,15,139,2,1
sub_120,20,1,52,62,de slechte plek,1550,368,3e-4,1119260,368,2e-4,1,1,4297,731,2720,15,139,2,1
sub_120,20,1,52,62,de slechte plek,2660,762,7e-4,1119260,158,9e-4,4,1,4297,731,2720,15,139,2,1
sub_120,20,1,52,62,de slechte plek,1650,992,9e-4,1119260,126,0.0012,5,1,4297,731,2720,15,139,2,1
sub_120,20,1,52,62,geen zorgen,1050,274,2e-4,1119260,114,5e-4,2,1,4297,731,2720,7,62783,1,1
sub_120,20,1,52,62,het spijt me,3930,0,0,1119260,.,0,0,1,4297,731,2720,11,9737,4,2
sub_120,20,1,52,62,wat gebeurt er,2260,0,0,1119260,.,0,0,1,4297,731,2720,6,43298,1,1
sub_120,20,1,52,62,wat gebeurt er,2790,0,0,1119260,.,0,0,1,4297,731,2720,6,43298,1,1
sub_120,20,1,52,62,ik ben dol op,1960,156,1e-4,1119260,156,2e-4,1,1,4297,731,2720,6,8180,1,1
sub_120,20,1,52,62,ik ben dol op,1890,0,0,1119260,.,0,0,1,4297,731,2720,6,8180,1,1
sub_120,20,1,52,62,ik weet niet,1460,0,0,1119260,.,0,0,1,4297,731,2720,NA,NA,NA,NA
sub_120,20,1,52,62,je hoort hier,2230,0,0,1119260,.,0,0,1,4297,731,2720,10,455,2,1
sub_120,20,1,52,62,naar buiten,2820,0,0,1119260,.,0,0,1,4297,731,2720,4,260816,2,1
sub_120,20,1,52,62,naar buiten,2820,0,0,1119260,.,0,0,1,4297,731,2720,4,260816,2,1
sub_201,3,2,51,78,mijn zielsverwant,3640,0,0,995696,.,0,0,1,3329,638,3041,7,104,1,1
sub_201,3,2,51,78,mijn zielsverwant,2970,0,0,995696,240,6e-4,2,1,3329,638,3041,7,104,1,1
sub_201,3,2,51,78,mijn zielsverwant,2600,0,0,995696,.,0,0,1,3329,638,3041,7,104,1,1
sub_201,3,2,51,78,mijn zielsverwant,2880,0,0,995696,308,3e-4,1,1,3329,638,3041,7,104,1,1
sub_201,3,2,51,78,mijn zielsverwant,2540,0,0,995696,.,0,0,1,3329,638,3041,7,104,1,1
sub_201,3,2,51,78,de goeie plek,2940,0,0,995696,.,0,0,1,3329,638,3041,21,270,1,1
sub_201,3,2,51,78,de goeie plek,2980,0,0,995696,.,0,0,1,3329,638,3041,21,270,1,1
sub_201,3,2,51,78,de slechte plek,2640,0,0,995696,.,0,0,1,3329,638,3041,15,139,1,1
sub_201,3,2,51,78,het spijt me,2910,0,0,995696,150,9e-4,3,1,3329,638,3041,11,9737,2,1
sub_201,3,2,51,78,het spijt me,2200,0,0,995696,332,3e-4,1,1,3329,638,3041,11,9737,2,1
sub_201,3,2,51,78,het spijt me,4180,0,0,995696,19,9e-4,3,1,3329,638,3041,11,9737,2,1
sub_201,3,2,51,78,ik weet niet,1960,0,0,995696,89,3e-4,1,1,3329,638,3041,NA,NA,NA,NA
sub_201,3,2,51,78,ik weet niet,1640,0,0,995696,.,0,0,1,3329,638,3041,NA,NA,NA,NA
sub_201,3,2,51,78,je hebt gelijk,3210,0,0,995696,.,0,0,1,3329,638,3041,5,17746,2,1
sub_201,3,2,51,78,je hebt gelijk,2870,0,0,995696,.,0,0,1,3329,638,3041,5,17746,2,1
sub_201,3,2,51,78,ik hou van je,1010,0,0,995696,55,6e-4,2,1,3329,638,3041,4,3476,2,1
sub_201,3,2,51,78,ik hou van je,1810,0,0,995696,.,0,0,1,3329,638,3041,4,3476,2,1
sub_201,3,2,51,78,ik hou van je,2870,0,0,995696,88,3e-4,1,1,3329,638,3041,4,3476,2,1
sub_201,3,2,51,78,ik dacht dat,1830,0,0,995696,.,0,0,1,3329,638,3041,7,65317,2,1
sub_305,4,2,39,65,mijn zielsverwant,3640,0,0,855934,.,0,0,1,3481,164,3041,7,104,2,1
sub_305,4,2,39,65,mijn zielsverwant,2970,0,0,855934,.,0,0,1,3481,164,3041,7,104,2,1
sub_305,4,2,39,65,mijn zielsverwant,2600,0,0,855934,.,0,0,1,3481,164,3041,7,104,2,1
sub_305,4,2,39,65,mijn zielsverwant,2880,0,0,855934,.,0,0,1,3481,164,3041,7,104,2,1
sub_305,4,2,39,65,mijn zielsverwant,2540,0,0,855934,.,0,0,1,3481,164,3041,7,104,2,1
sub_305,4,2,39,65,de goeie plek,2940,0,0,855934,.,0,0,1,3481,164,3041,21,270,1,1
sub_305,4,2,39,65,de goeie plek,2980,0,0,855934,.,0,0,1,3481,164,3041,21,270,1,1
sub_305,4,2,39,65,de slechte plek,2640,0,0,855934,.,0,0,1,3481,164,3041,15,139,2,1
sub_305,4,2,39,65,het spijt me,2910,0,0,855934,.,0,0,1,3481,164,3041,11,9737,2,1
sub_305,4,2,39,65,het spijt me,2200,0,0,855934,.,0,0,1,3481,164,3041,11,9737,2,1
sub_305,4,2,39,65,het spijt me,4180,0,0,855934,.,0,0,1,3481,164,3041,11,9737,2,1
sub_305,4,2,39,65,ik weet niet,1960,0,0,855934,48,3e-4,1,1,3481,164,3041,NA,NA,NA,NA
sub_305,4,2,39,65,ik weet niet,1640,0,0,855934,.,0,0,1,3481,164,3041,NA,NA,NA,NA
sub_305,4,2,39,65,je hebt gelijk,3210,0,0,855934,.,0,0,1,3481,164,3041,5,17746,1,1
sub_305,4,2,39,65,je hebt gelijk,2870,0,0,855934,.,0,0,1,3481,164,3041,5,17746,1,1
sub_305,4,2,39,65,ik hou van je,1010,0,0,855934,.,0,0,1,3481,164,3041,4,3476,2,1
sub_305,4,2,39,65,ik hou van je,1810,0,0,855934,.,0,0,1,3481,164,3041,4,3476,2,1
sub_305,4,2,39,65,ik hou van je,2870,0,0,855934,.,0,0,1,3481,164,3041,4,3476,2,1
sub_305,4,2,39,65,ik dacht dat,1830,0,0,855934,.,0,0,1,3481,164,3041,7,65317,1,1
sub_225,5,2,55,62,mijn zielsverwant,3640,0,0,1005354,.,0,0,1,3785,346,3041,7,104,2,1
sub_225,5,2,55,62,mijn zielsverwant,2970,0,0,1005354,.,0,0,1,3785,346,3041,7,104,2,1
sub_225,5,2,55,62,mijn zielsverwant,2600,0,0,1005354,.,0,0,1,3785,346,3041,7,104,2,1
sub_225,5,2,55,62,mijn zielsverwant,2880,0,0,1005354,.,0,0,1,3785,346,3041,7,104,2,1
sub_225,5,2,55,62,mijn zielsverwant,2540,0,0,1005354,.,0,0,1,3785,346,3041,7,104,2,1
sub_225,5,2,55,62,de goeie plek,2940,0,0,1005354,.,0,0,1,3785,346,3041,21,270,2,1
sub_225,5,2,55,62,de goeie plek,2980,0,0,1005354,.,0,0,1,3785,346,3041,21,270,2,1
sub_225,5,2,55,62,de slechte plek,2640,0,0,1005354,.,0,0,1,3785,346,3041,15,139,2,1
sub_225,5,2,55,62,het spijt me,2910,0,0,1005354,.,0,0,1,3785,346,3041,11,9737,2,1
sub_225,5,2,55,62,het spijt me,2200,0,0,1005354,.,0,0,1,3785,346,3041,11,9737,2,1
sub_225,5,2,55,62,het spijt me,4180,0,0,1005354,.,0,0,1,3785,346,3041,11,9737,2,1
sub_225,5,2,55,62,ik weet niet,1960,0,0,1005354,.,0,0,1,3785,346,3041,NA,NA,NA,NA
sub_225,5,2,55,62,ik weet niet,1640,0,0,1005354,.,0,0,1,3785,346,3041,NA,NA,NA,NA
sub_225,5,2,55,62,je hebt gelijk,3210,0,0,1005354,11,3e-4,1,1,3785,346,3041,5,17746,2,1
sub_225,5,2,55,62,je hebt gelijk,2870,0,0,1005354,.,0,0,1,3785,346,3041,5,17746,2,1
sub_225,5,2,55,62,ik hou van je,1010,0,0,1005354,204,3e-4,1,1,3785,346,3041,4,3476,2,1
sub_225,5,2,55,62,ik hou van je,1810,0,0,1005354,.,0,0,1,3785,346,3041,4,3476,2,1
sub_225,5,2,55,62,ik hou van je,2870,0,0,1005354,.,0,0,1,3785,346,3041,4,3476,2,1
sub_225,5,2,55,62,ik dacht dat,1830,0,0,1005354,.,0,0,1,3785,346,3041,7,65317,2,1
sub_206,6,2,61,68,mijn zielsverwant,3640,0,0,1094558,.,0,0,1,4032,1550,3041,7,104,2,1
sub_206,6,2,61,68,mijn zielsverwant,2970,0,0,1094558,128,0.0012,5,1,4032,1550,3041,7,104,2,1
sub_206,6,2,61,68,mijn zielsverwant,2600,0,0,1094558,.,0,0,1,4032,1550,3041,7,104,2,1
sub_206,6,2,61,68,mijn zielsverwant,2880,600,5e-4,1094558,545,2e-4,1,1,4032,1550,3041,7,104,2,1
sub_206,6,2,61,68,mijn zielsverwant,2540,0,0,1094558,.,0,0,1,4032,1550,3041,7,104,2,1
sub_206,6,2,61,68,de goeie plek,2940,0,0,1094558,.,0,0,1,4032,1550,3041,21,270,2,1
sub_206,6,2,61,68,de goeie plek,2980,0,0,1094558,15,7e-4,3,1,4032,1550,3041,21,270,2,1
sub_206,6,2,61,68,de slechte plek,2640,0,0,1094558,.,0,0,1,4032,1550,3041,15,139,2,1
sub_206,6,2,61,68,het spijt me,2910,230,2e-4,1094558,173,0.001,4,0,4032,1550,3041,11,9737,1,1
sub_206,6,2,61,68,het spijt me,2200,0,0,1094558,178,0.0012,5,1,4032,1550,3041,11,9737,1,1
sub_206,6,2,61,68,het spijt me,4180,0,0,1094558,148,0.0012,5,1,4032,1550,3041,11,9737,1,1
sub_206,6,2,61,68,ik weet niet,1960,0,0,1094558,.,0,0,1,4032,1550,3041,NA,NA,NA,NA
sub_206,6,2,61,68,ik weet niet,1640,0,0,1094558,359,2e-4,1,1,4032,1550,3041,NA,NA,NA,NA
sub_206,6,2,61,68,je hebt gelijk,3210,0,0,1094558,192,0.003,12,1,4032,1550,3041,5,17746,2,1
sub_206,6,2,61,68,je hebt gelijk,2870,0,0,1094558,.,0,0,1,4032,1550,3041,5,17746,2,1
sub_206,6,2,61,68,ik hou van je,1010,0,0,1094558,75,0.001,4,1,4032,1550,3041,4,3476,2,1
sub_206,6,2,61,68,ik hou van je,1810,0,0,1094558,167,7e-4,3,1,4032,1550,3041,4,3476,2,1
sub_206,6,2,61,68,ik hou van je,2870,0,0,1094558,256,0.0012,5,1,4032,1550,3041,4,3476,2,1
sub_206,6,2,61,68,ik dacht dat,1830,0,0,1094558,.,0,0,1,4032,1550,3041,7,65317,2,1
sub_207,7,2,66,80,mijn zielsverwant,3640,0,0,1116736,.,0,0,1,2869,143,3041,7,104,2,1
sub_207,7,2,66,80,mijn zielsverwant,2970,0,0,1116736,.,0,0,1,2869,143,3041,7,104,2,1
sub_207,7,2,66,80,mijn zielsverwant,2600,0,0,1116736,.,0,0,1,2869,143,3041,7,104,2,1
sub_207,7,2,66,80,mijn zielsverwant,2880,0,0,1116736,.,0,0,1,2869,143,3041,7,104,2,1
sub_207,7,2,66,80,mijn zielsverwant,2540,0,0,1116736,.,0,0,1,2869,143,3041,7,104,2,1
sub_207,7,2,66,80,de goeie plek,2940,0,0,1116736,.,0,0,1,2869,143,3041,21,270,2,1
sub_207,7,2,66,80,de goeie plek,2980,0,0,1116736,.,0,0,1,2869,143,3041,21,270,2,1
sub_207,7,2,66,80,de slechte plek,2640,0,0,1116736,.,0,0,1,2869,143,3041,15,139,3,2
sub_207,7,2,66,80,het spijt me,2910,0,0,1116736,.,0,0,1,2869,143,3041,11,9737,2,1
sub_207,7,2,66,80,het spijt me,2200,0,0,1116736,.,0,0,1,2869,143,3041,11,9737,2,1
sub_207,7,2,66,80,het spijt me,4180,0,0,1116736,.,0,0,1,2869,143,3041,11,9737,2,1
sub_207,7,2,66,80,ik weet niet,1960,0,0,1116736,.,0,0,1,2869,143,3041,NA,NA,NA,NA
sub_207,7,2,66,80,ik weet niet,1640,0,0,1116736,.,0,0,1,2869,143,3041,NA,NA,NA,NA
sub_207,7,2,66,80,je hebt gelijk,3210,0,0,1116736,.,0,0,1,2869,143,3041,5,17746,2,1
sub_207,7,2,66,80,je hebt gelijk,2870,0,0,1116736,.,0,0,1,2869,143,3041,5,17746,2,1
sub_207,7,2,66,80,ik hou van je,1010,0,0,1116736,.,0,0,1,2869,143,3041,4,3476,3,2
sub_207,7,2,66,80,ik hou van je,1810,0,0,1116736,.,0,0,1,2869,143,3041,4,3476,3,2
sub_207,7,2,66,80,ik hou van je,2870,0,0,1116736,.,0,0,1,2869,143,3041,4,3476,3,2
sub_207,7,2,66,80,ik dacht dat,1830,0,0,1116736,.,0,0,1,2869,143,3041,7,65317,2,1
sub_208,8,2,67,75,mijn zielsverwant,3640,0,0,944434,.,0,0,1,2742,404,3041,7,104,2,1
sub_208,8,2,67,75,mijn zielsverwant,2970,0,0,944434,308,4e-4,1,1,2742,404,3041,7,104,2,1
sub_208,8,2,67,75,mijn zielsverwant,2600,0,0,944434,.,0,0,1,2742,404,3041,7,104,2,1
sub_208,8,2,67,75,mijn zielsverwant,2880,0,0,944434,210,4e-4,1,1,2742,404,3041,7,104,2,1
sub_208,8,2,67,75,mijn zielsverwant,2540,0,0,944434,.,0,0,1,2742,404,3041,7,104,2,1
sub_208,8,2,67,75,de goeie plek,2940,0,0,944434,.,0,0,1,2742,404,3041,21,270,4,2
sub_208,8,2,67,75,de goeie plek,2980,0,0,944434,.,0,0,1,2742,404,3041,21,270,4,2
sub_208,8,2,67,75,de slechte plek,2640,0,0,944434,.,0,0,1,2742,404,3041,15,139,4,2
sub_208,8,2,67,75,het spijt me,2910,0,0,944434,142,0.0022,6,1,2742,404,3041,11,9737,4,2
sub_208,8,2,67,75,het spijt me,2200,0,0,944434,.,0,0,1,2742,404,3041,11,9737,4,2
sub_208,8,2,67,75,het spijt me,4180,0,0,944434,.,0,0,1,2742,404,3041,11,9737,4,2
sub_208,8,2,67,75,ik weet niet,1960,0,0,944434,.,0,0,1,2742,404,3041,NA,NA,NA,NA
sub_208,8,2,67,75,ik weet niet,1640,0,0,944434,330,4e-4,1,1,2742,404,3041,NA,NA,NA,NA
sub_208,8,2,67,75,je hebt gelijk,3210,0,0,944434,.,0,0,1,2742,404,3041,5,17746,2,1
sub_208,8,2,67,75,je hebt gelijk,2870,0,0,944434,162,4e-4,1,1,2742,404,3041,5,17746,2,1
sub_208,8,2,67,75,ik hou van je,1010,0,0,944434,.,0,0,1,2742,404,3041,4,3476,3,2
sub_208,8,2,67,75,ik hou van je,1810,0,0,944434,.,0,0,1,2742,404,3041,4,3476,3,2
sub_208,8,2,67,75,ik hou van je,2870,0,0,944434,.,0,0,1,2742,404,3041,4,3476,3,2
sub_208,8,2,67,75,ik dacht dat,1830,0,0,944434,.,0,0,1,2742,404,3041,7,65317,2,1
sub_209,9,2,49,58,mijn zielsverwant,3640,0,0,910410,.,0,0,1,3449,890,3041,7,104,2,1
sub_209,9,2,49,58,mijn zielsverwant,2970,178,2e-4,910410,178,0.0014,5,0,3449,890,3041,7,104,2,1
sub_209,9,2,49,58,mijn zielsverwant,2600,0,0,910410,.,0,0,1,3449,890,3041,7,104,2,1
sub_209,9,2,49,58,mijn zielsverwant,2880,0,0,910410,228,6e-4,2,1,3449,890,3041,7,104,2,1
sub_209,9,2,49,58,mijn zielsverwant,2540,0,0,910410,.,0,0,1,3449,890,3041,7,104,2,1
sub_209,9,2,49,58,de goeie plek,2940,0,0,910410,148,3e-4,1,1,3449,890,3041,21,270,2,1
sub_209,9,2,49,58,de goeie plek,2980,0,0,910410,.,0,0,1,3449,890,3041,21,270,2,1
sub_209,9,2,49,58,de slechte plek,2640,0,0,910410,.,0,0,1,3449,890,3041,15,139,2,1
sub_209,9,2,49,58,het spijt me,2910,0,0,910410,224,3e-4,1,1,3449,890,3041,11,9737,1,1
sub_209,9,2,49,58,het spijt me,2200,0,0,910410,.,0,0,1,3449,890,3041,11,9737,1,1
sub_209,9,2,49,58,het spijt me,4180,0,0,910410,.,0,0,1,3449,890,3041,11,9737,1,1
sub_209,9,2,49,58,ik weet niet,1960,0,0,910410,.,0,0,1,3449,890,3041,NA,NA,NA,NA
sub_209,9,2,49,58,ik weet niet,1640,0,0,910410,.,0,0,1,3449,890,3041,NA,NA,NA,NA
sub_209,9,2,49,58,je hebt gelijk,3210,0,0,910410,195,9e-4,3,1,3449,890,3041,5,17746,2,1
sub_209,9,2,49,58,je hebt gelijk,2870,0,0,910410,.,0,0,1,3449,890,3041,5,17746,2,1
sub_209,9,2,49,58,ik hou van je,1010,0,0,910410,67,9e-4,3,1,3449,890,3041,4,3476,3,2
sub_209,9,2,49,58,ik hou van je,1810,0,0,910410,.,0,0,1,3449,890,3041,4,3476,3,2
sub_209,9,2,49,58,ik hou van je,2870,236,3e-4,910410,826,6e-4,2,0,3449,890,3041,4,3476,3,2
sub_209,9,2,49,58,ik dacht dat,1830,0,0,910410,.,0,0,1,3449,890,3041,7,65317,1,1
sub_211,11,2,38,70,mijn zielsverwant,3640,0,0,1131530,.,0,0,1,3285,255,3041,7,104,1,1
sub_211,11,2,38,70,mijn zielsverwant,2970,0,0,1131530,.,0,0,1,3285,255,3041,7,104,1,1
sub_211,11,2,38,70,mijn zielsverwant,2600,0,0,1131530,.,0,0,1,3285,255,3041,7,104,1,1
sub_211,11,2,38,70,mijn zielsverwant,2880,0,0,1131530,.,0,0,1,3285,255,3041,7,104,1,1
sub_211,11,2,38,70,mijn zielsverwant,2540,0,0,1131530,.,0,0,1,3285,255,3041,7,104,1,1
sub_211,11,2,38,70,de goeie plek,2940,0,0,1131530,.,0,0,1,3285,255,3041,21,270,1,1
sub_211,11,2,38,70,de goeie plek,2980,0,0,1131530,.,0,0,1,3285,255,3041,21,270,1,1
sub_211,11,2,38,70,de slechte plek,2640,0,0,1131530,.,0,0,1,3285,255,3041,15,139,2,1
sub_211,11,2,38,70,het spijt me,2910,0,0,1131530,.,0,0,1,3285,255,3041,11,9737,2,1
sub_211,11,2,38,70,het spijt me,2200,0,0,1131530,.,0,0,1,3285,255,3041,11,9737,2,1
sub_211,11,2,38,70,het spijt me,4180,0,0,1131530,204,3e-4,1,1,3285,255,3041,11,9737,2,1
sub_211,11,2,38,70,ik weet niet,1960,0,0,1131530,115,3e-4,1,1,3285,255,3041,NA,NA,NA,NA
sub_211,11,2,38,70,ik weet niet,1640,0,0,1131530,.,0,0,1,3285,255,3041,NA,NA,NA,NA
sub_211,11,2,38,70,je hebt gelijk,3210,0,0,1131530,.,0,0,1,3285,255,3041,5,17746,2,1
sub_211,11,2,38,70,je hebt gelijk,2870,0,0,1131530,.,0,0,1,3285,255,3041,5,17746,2,1
sub_211,11,2,38,70,ik hou van je,1010,0,0,1131530,.,0,0,1,3285,255,3041,4,3476,3,2
sub_211,11,2,38,70,ik hou van je,1810,0,0,1131530,.,0,0,1,3285,255,3041,4,3476,3,2
sub_211,11,2,38,70,ik hou van je,2870,0,0,1131530,.,0,0,1,3285,255,3041,4,3476,3,2
sub_211,11,2,38,70,ik dacht dat,1830,0,0,1131530,.,0,0,1,3285,255,3041,7,65317,2,1
sub_2152,15,2,70,70,mijn zielsverwant,3640,0,0,1025190,.,0,0,1,2535,181,3041,7,104,1,1
sub_2152,15,2,70,70,mijn zielsverwant,2970,0,0,1025190,.,0,0,1,2535,181,3041,7,104,1,1
sub_2152,15,2,70,70,mijn zielsverwant,2600,0,0,1025190,.,0,0,1,2535,181,3041,7,104,1,1
sub_2152,15,2,70,70,mijn zielsverwant,2880,0,0,1025190,.,0,0,1,2535,181,3041,7,104,1,1
sub_2152,15,2,70,70,mijn zielsverwant,2540,0,0,1025190,.,0,0,1,2535,181,3041,7,104,1,1
sub_2152,15,2,70,70,de goeie plek,2940,0,0,1025190,.,0,0,1,2535,181,3041,21,270,1,1
sub_2152,15,2,70,70,de goeie plek,2980,0,0,1025190,.,0,0,1,2535,181,3041,21,270,1,1
sub_2152,15,2,70,70,de slechte plek,2640,0,0,1025190,.,0,0,1,2535,181,3041,15,139,2,1
sub_2152,15,2,70,70,het spijt me,2910,0,0,1025190,.,0,0,1,2535,181,3041,11,9737,2,1
sub_2152,15,2,70,70,het spijt me,2200,0,0,1025190,.,0,0,1,2535,181,3041,11,9737,2,1
sub_2152,15,2,70,70,het spijt me,4180,0,0,1025190,158,4e-4,1,1,2535,181,3041,11,9737,2,1
sub_2152,15,2,70,70,ik weet niet,1960,0,0,1025190,69,4e-4,1,1,2535,181,3041,NA,NA,NA,NA
sub_2152,15,2,70,70,ik weet niet,1640,0,0,1025190,.,0,0,1,2535,181,3041,NA,NA,NA,NA
sub_2152,15,2,70,70,je hebt gelijk,3210,0,0,1025190,.,0,0,1,2535,181,3041,5,17746,2,1
sub_2152,15,2,70,70,je hebt gelijk,2870,0,0,1025190,.,0,0,1,2535,181,3041,5,17746,2,1
sub_2152,15,2,70,70,ik hou van je,1010,0,0,1025190,.,0,0,1,2535,181,3041,4,3476,4,2
sub_2152,15,2,70,70,ik hou van je,1810,0,0,1025190,.,0,0,1,2535,181,3041,4,3476,4,2
sub_2152,15,2,70,70,ik hou van je,2870,0,0,1025190,.,0,0,1,2535,181,3041,4,3476,4,2
sub_2152,15,2,70,70,ik dacht dat,1830,0,0,1025190,.,0,0,1,2535,181,3041,7,65317,1,1
sub_202,17,2,57,70,mijn zielsverwant,3640,0,0,1143782,.,0,0,1,3200,707,3041,7,104,2,1
sub_202,17,2,57,70,mijn zielsverwant,2970,0,0,1143782,.,0,0,1,3200,707,3041,7,104,2,1
sub_202,17,2,57,70,mijn zielsverwant,2600,0,0,1143782,.,0,0,1,3200,707,3041,7,104,2,1
sub_202,17,2,57,70,mijn zielsverwant,2880,0,0,1143782,160,6e-4,2,1,3200,707,3041,7,104,2,1
sub_202,17,2,57,70,mijn zielsverwant,2540,0,0,1143782,.,0,0,1,3200,707,3041,7,104,2,1
sub_202,17,2,57,70,de goeie plek,2940,0,0,1143782,.,0,0,1,3200,707,3041,21,270,4,2
sub_202,17,2,57,70,de goeie plek,2980,0,0,1143782,65,6e-4,2,1,3200,707,3041,21,270,4,2
sub_202,17,2,57,70,de slechte plek,2640,0,0,1143782,.,0,0,1,3200,707,3041,15,139,4,2
sub_202,17,2,57,70,het spijt me,2910,0,0,1143782,.,0,0,1,3200,707,3041,11,9737,2,1
sub_202,17,2,57,70,het spijt me,2200,0,0,1143782,.,0,0,1,3200,707,3041,11,9737,2,1
sub_202,17,2,57,70,het spijt me,4180,0,0,1143782,.,0,0,1,3200,707,3041,11,9737,2,1
sub_202,17,2,57,70,ik weet niet,1960,0,0,1143782,.,0,0,1,3200,707,3041,NA,NA,NA,NA
sub_202,17,2,57,70,ik weet niet,1640,0,0,1143782,280,6e-4,2,1,3200,707,3041,NA,NA,NA,NA
sub_202,17,2,57,70,je hebt gelijk,3210,0,0,1143782,.,0,0,1,3200,707,3041,5,17746,2,1
sub_202,17,2,57,70,je hebt gelijk,2870,0,0,1143782,.,0,0,1,3200,707,3041,5,17746,2,1
sub_202,17,2,57,70,ik hou van je,1010,0,0,1143782,.,0,0,1,3200,707,3041,4,3476,4,2
sub_202,17,2,57,70,ik hou van je,1810,0,0,1143782,29,3e-4,1,1,3200,707,3041,4,3476,4,2
sub_202,17,2,57,70,ik hou van je,2870,0,0,1143782,150,3e-4,1,1,3200,707,3041,4,3476,4,2
sub_202,17,2,57,70,ik dacht dat,1830,0,0,1143782,.,0,0,1,3200,707,3041,7,65317,2,1
sub_218,18,2,54,72,mijn zielsverwant,3640,0,0,1073868,.,0,0,1,3865,156,3041,7,104,1,1
sub_218,18,2,54,72,mijn zielsverwant,2970,0,0,1073868,.,0,0,1,3865,156,3041,7,104,1,1
sub_218,18,2,54,72,mijn zielsverwant,2600,0,0,1073868,.,0,0,1,3865,156,3041,7,104,1,1
sub_218,18,2,54,72,mijn zielsverwant,2880,0,0,1073868,.,0,0,1,3865,156,3041,7,104,1,1
sub_218,18,2,54,72,mijn zielsverwant,2540,0,0,1073868,.,0,0,1,3865,156,3041,7,104,1,1
sub_218,18,2,54,72,de goeie plek,2940,0,0,1073868,.,0,0,1,3865,156,3041,21,270,1,1
sub_218,18,2,54,72,de goeie plek,2980,0,0,1073868,.,0,0,1,3865,156,3041,21,270,1,1
sub_218,18,2,54,72,de slechte plek,2640,0,0,1073868,.,0,0,1,3865,156,3041,15,139,2,1
sub_218,18,2,54,72,het spijt me,2910,0,0,1073868,.,0,0,1,3865,156,3041,11,9737,1,1
sub_218,18,2,54,72,het spijt me,2200,0,0,1073868,.,0,0,1,3865,156,3041,11,9737,1,1
sub_218,18,2,54,72,het spijt me,4180,0,0,1073868,156,3e-4,1,1,3865,156,3041,11,9737,1,1
sub_218,18,2,54,72,ik weet niet,1960,0,0,1073868,246,3e-4,1,1,3865,156,3041,NA,NA,NA,NA
sub_218,18,2,54,72,ik weet niet,1640,0,0,1073868,.,0,0,1,3865,156,3041,NA,NA,NA,NA
sub_218,18,2,54,72,je hebt gelijk,3210,0,0,1073868,.,0,0,1,3865,156,3041,5,17746,2,1
sub_218,18,2,54,72,je hebt gelijk,2870,0,0,1073868,.,0,0,1,3865,156,3041,5,17746,2,1
sub_218,18,2,54,72,ik hou van je,1010,0,0,1073868,.,0,0,1,3865,156,3041,4,3476,4,2
sub_218,18,2,54,72,ik hou van je,1810,0,0,1073868,.,0,0,1,3865,156,3041,4,3476,4,2
sub_218,18,2,54,72,ik hou van je,2870,0,0,1073868,.,0,0,1,3865,156,3041,4,3476,4,2
sub_218,18,2,54,72,ik dacht dat,1830,0,0,1073868,.,0,0,1,3865,156,3041,7,65317,2,1
sub_219,19,2,45,42,mijn zielsverwant,3640,126,2e-4,810596,126,3e-4,1,0,3292,804,3041,7,104,2,1
sub_219,19,2,45,42,mijn zielsverwant,2970,0,0,810596,248,3e-4,1,1,3292,804,3041,7,104,2,1
sub_219,19,2,45,42,mijn zielsverwant,2600,0,0,810596,.,0,0,1,3292,804,3041,7,104,2,1
sub_219,19,2,45,42,mijn zielsverwant,2880,152,2e-4,810596,103,3e-4,1,0,3292,804,3041,7,104,2,1
sub_219,19,2,45,42,mijn zielsverwant,2540,0,0,810596,.,0,0,1,3292,804,3041,7,104,2,1
sub_219,19,2,45,42,de goeie plek,2940,0,0,810596,300,9e-4,3,1,3292,804,3041,21,270,1,1
sub_219,19,2,45,42,de goeie plek,2980,0,0,810596,.,0,0,1,3292,804,3041,21,270,1,1
sub_219,19,2,45,42,de slechte plek,2640,0,0,810596,.,0,0,1,3292,804,3041,15,139,1,1
sub_219,19,2,45,42,het spijt me,2910,0,0,810596,.,0,0,1,3292,804,3041,11,9737,1,1
sub_219,19,2,45,42,het spijt me,2200,0,0,810596,.,0,0,1,3292,804,3041,11,9737,1,1
sub_219,19,2,45,42,het spijt me,4180,0,0,810596,116,3e-4,1,1,3292,804,3041,11,9737,1,1
sub_219,19,2,45,42,ik weet niet,1960,0,0,810596,.,0,0,1,3292,804,3041,NA,NA,NA,NA
sub_219,19,2,45,42,ik weet niet,1640,0,0,810596,.,0,0,1,3292,804,3041,NA,NA,NA,NA
sub_219,19,2,45,42,je hebt gelijk,3210,0,0,810596,.,0,0,1,3292,804,3041,5,17746,1,1
sub_219,19,2,45,42,je hebt gelijk,2870,0,0,810596,.,0,0,1,3292,804,3041,5,17746,1,1
sub_219,19,2,45,42,ik hou van je,1010,0,0,810596,.,0,0,1,3292,804,3041,4,3476,2,1
sub_219,19,2,45,42,ik hou van je,1810,0,0,810596,.,0,0,1,3292,804,3041,4,3476,2,1
sub_219,19,2,45,42,ik hou van je,2870,0,0,810596,.,0,0,1,3292,804,3041,4,3476,2,1
sub_219,19,2,45,42,ik dacht dat,1830,0,0,810596,.,0,0,1,3292,804,3041,7,65317,2,1
sub_220,20,2,52,62,mijn zielsverwant,3640,0,0,1059116,222,8e-4,3,1,3971,493,3041,7,104,2,1
sub_220,20,2,52,62,mijn zielsverwant,2970,0,0,1059116,246,3e-4,1,1,3971,493,3041,7,104,2,1
sub_220,20,2,52,62,mijn zielsverwant,2600,0,0,1059116,.,0,0,1,3971,493,3041,7,104,2,1
sub_220,20,2,52,62,mijn zielsverwant,2880,0,0,1059116,226,3e-4,1,1,3971,493,3041,7,104,2,1
sub_220,20,2,52,62,mijn zielsverwant,2540,0,0,1059116,.,0,0,1,3971,493,3041,7,104,2,1
sub_220,20,2,52,62,de goeie plek,2940,0,0,1059116,43,8e-4,3,1,3971,493,3041,21,270,2,1
sub_220,20,2,52,62,de goeie plek,2980,0,0,1059116,.,0,0,1,3971,493,3041,21,270,2,1
sub_220,20,2,52,62,de slechte plek,2640,0,0,1059116,.,0,0,1,3971,493,3041,15,139,2,1
sub_220,20,2,52,62,het spijt me,2910,0,0,1059116,.,0,0,1,3971,493,3041,11,9737,3,2
sub_220,20,2,52,62,het spijt me,2200,0,0,1059116,53,5e-4,2,1,3971,493,3041,11,9737,3,2
sub_220,20,2,52,62,het spijt me,4180,0,0,1059116,.,0,0,1,3971,493,3041,11,9737,3,2
sub_220,20,2,52,62,ik weet niet,1960,0,0,1059116,.,0,0,1,3971,493,3041,NA,NA,NA,NA
sub_220,20,2,52,62,ik weet niet,1640,0,0,1059116,.,0,0,1,3971,493,3041,NA,NA,NA,NA
sub_220,20,2,52,62,je hebt gelijk,3210,0,0,1059116,.,0,0,1,3971,493,3041,5,17746,3,2
sub_220,20,2,52,62,je hebt gelijk,2870,0,0,1059116,.,0,0,1,3971,493,3041,5,17746,3,2
sub_220,20,2,52,62,ik hou van je,1010,0,0,1059116,.,0,0,1,3971,493,3041,4,3476,2,1
sub_220,20,2,52,62,ik hou van je,1810,0,0,1059116,.,0,0,1,3971,493,3041,4,3476,2,1
sub_220,20,2,52,62,ik hou van je,2870,0,0,1059116,.,0,0,1,3971,493,3041,4,3476,2,1
sub_220,20,2,52,62,ik dacht dat,1830,0,0,1059116,.,0,0,1,3971,493,3041,7,65317,3,2
